[
  {
    "name": "FTSE",
    "sub_name": "FTSE 100",
    "data_type": "index",
    "exchange": ""
  },
  {
    "name": "US500",
    "sub_name": "S&P 500",
    "data_type": "index",
    "exchange": ""
  },
  {
    "name": "DJIA",
    "sub_name": "Dow Jones 30",
    "data_type": "index",
    "exchange": ""
  },
  {
    "name": "US100",
    "sub_name": "Nasdaq 100",
    "data_type": "index",
    "exchange": ""
  },
  {
    "name": "BSESN",
    "sub_name": "BSE Sensex",
    "data_type": "index",
    "exchange": ""
  },
  {
    "name": "GER30GDAXI",
    "sub_name": "DAX 30",
    "data_type": "index",
    "exchange": ""
  },
  {
    "name": "FRA40",
    "sub_name": "CAC 40",
    "data_type": "index",
    "exchange": ""
  },
  {
    "name": "IB",
    "sub_name": "IBEX 35",
    "data_type": "index",
    "exchange": ""
  },
  {
    "name": "FTMC",
    "sub_name": "FTSE 250",
    "data_type": "index",
    "exchange": ""
  },
  {
    "name": "N225",
    "sub_name": "Nikkei 225",
    "data_type": "index",
    "exchange": ""
  },
  {
    "name": "SHCOMP",
    "sub_name": "Shanghai Composite",
    "data_type": "index",
    "exchange": ""
  },
  {
    "name": "HSI",
    "sub_name": "Hang Seng",
    "data_type": "index",
    "exchange": ""
  },
  {
    "name": "USDX",
    "sub_name": "US Dollar Index",
    "data_type": "index",
    "exchange": ""
  },
  {
    "name": "FTSEMIB",
    "sub_name": "FTSE MIB Index",
    "data_type": "index",
    "exchange": ""
  },
  {
    "name": "STI",
    "sub_name": "Straits Times Index STI",
    "data_type": "index",
    "exchange": ""
  },
  {
    "name": "SET",
    "sub_name": "Stock Exchange of Thailand",
    "data_type": "index",
    "exchange": ""
  },
  {
    "name": "RUTRTY",
    "sub_name": "Russell 2000 Index",
    "data_type": "index",
    "exchange": ""
  },
  {
    "name": "XAOAORD",
    "sub_name": "All Ordinaries",
    "data_type": "index",
    "exchange": ""
  },
  {
    "name": "JKSE",
    "sub_name": "Jakarta Composite Index",
    "data_type": "index",
    "exchange": ""
  },
  {
    "name": "KOSPI",
    "sub_name": "Korea Composite",
    "data_type": "index",
    "exchange": ""
  },
  {
    "name": "PSI20",
    "sub_name": "PSI 20",
    "data_type": "index",
    "exchange": ""
  },
  {
    "name": "TWSE",
    "sub_name": "Taiwan Weighted",
    "data_type": "index",
    "exchange": ""
  },
  {
    "name": "TOPIX",
    "sub_name": "Tokyo Stock Price Index",
    "data_type": "index",
    "exchange": ""
  },
  {
    "name": "NZ50",
    "sub_name": "NZSE 50",
    "data_type": "index",
    "exchange": ""
  },
  {
    "name": "KLSE",
    "sub_name": "KLSE Composite",
    "data_type": "index",
    "exchange": ""
  },
  {
    "name": "PTUT",
    "sub_name": "PSI Utilities Gross Return Index",
    "data_type": "index",
    "exchange": ""
  },
  {
    "name": "RXUSD",
    "sub_name": "RDX Extended USD Index",
    "data_type": "index",
    "exchange": ""
  },
  {
    "name": "RDOILUSD",
    "sub_name": "RDX Oil & Gas USD Index",
    "data_type": "index",
    "exchange": ""
  },
  {
    "name": "RDXUSD",
    "sub_name": "RDX USD Index",
    "data_type": "index",
    "exchange": ""
  },
  {
    "name": "GREX1",
    "sub_name": "REX 1 Year Index",
    "data_type": "index",
    "exchange": ""
  },
  {
    "name": "GREX10",
    "sub_name": "REX 10 Years Index",
    "data_type": "index",
    "exchange": ""
  },
  {
    "name": "GREXP3",
    "sub_name": "REX 3 Year Performance Index",
    "data_type": "index",
    "exchange": ""
  },
  {
    "name": "GREX4",
    "sub_name": "REX 4 Years Index",
    "data_type": "index",
    "exchange": ""
  },
  {
    "name": "GREXP6",
    "sub_name": "REX 6 Year Performance Index",
    "data_type": "index",
    "exchange": ""
  },
  {
    "name": "IXIC",
    "sub_name": "Nasdaq Composite",
    "data_type": "index",
    "exchange": ""
  },
  {
    "name": "RSD",
    "sub_name": "Reality Shares Drone Index",
    "data_type": "index",
    "exchange": ""
  },
  {
    "name": "REI",
    "sub_name": "Dow Jones Equity All REIT Total Return Index",
    "data_type": "index",
    "exchange": ""
  },
  {
    "name": "SMISSMI",
    "sub_name": "Swiss Market Index SMI",
    "data_type": "index",
    "exchange": ""
  },
  {
    "name": "MEXBOLMXX",
    "sub_name": "Mexican Stock Exchange Mexican Bolsa IPC Index",
    "data_type": "index",
    "exchange": ""
  },
  {
    "name": "CXPBXCXPBX",
    "sub_name": "DAX Banks",
    "data_type": "index",
    "exchange": ""
  },
  {
    "name": "CXKTX",
    "sub_name": "DAX Telecom Price Index",
    "data_type": "index",
    "exchange": ""
  },
  {
    "name": "CXPUX",
    "sub_name": "DAX Utilities Index",
    "data_type": "index",
    "exchange": ""
  },
  {
    "name": "DAXEP",
    "sub_name": "DAXplus Export Strategy Price Index",
    "data_type": "index",
    "exchange": ""
  },
  {
    "name": "SCECE2",
    "sub_name": "Double Short CECE EUR Index",
    "data_type": "index",
    "exchange": ""
  },
  {
    "name": "TR20D",
    "sub_name": "Dow Jones Turkey Titans 20 Index",
    "data_type": "index",
    "exchange": ""
  },
  {
    "name": "ERS10",
    "sub_name": "ERS 10 Index",
    "data_type": "index",
    "exchange": ""
  },
  {
    "name": "SX5EDFT",
    "sub_name": "EURO STOXX 50 DVP Futures EUR Price Index",
    "data_type": "index",
    "exchange": ""
  },
  {
    "name": "Greece Crisis",
    "sub_name": "",
    "data_type": "macrotopic",
    "exchange": ""
  },
  {
    "name": "Budget India",
    "sub_name": "",
    "data_type": "macrotopic",
    "exchange": ""
  },
  {
    "name": "Corruption",
    "sub_name": "",
    "data_type": "macrotopic",
    "exchange": ""
  },
  {
    "name": "Currency",
    "sub_name": "",
    "data_type": "macrotopic",
    "exchange": ""
  },
  {
    "name": "Emerging Market",
    "sub_name": "",
    "data_type": "macrotopic",
    "exchange": ""
  },
  {
    "name": "Industrial Output",
    "sub_name": "",
    "data_type": "macrotopic",
    "exchange": ""
  },
  {
    "name": "Consumer Spending",
    "sub_name": "",
    "data_type": "macrotopic",
    "exchange": ""
  },
  {
    "name": "Auto Sales numbers",
    "sub_name": "",
    "data_type": "macrotopic",
    "exchange": ""
  },
  {
    "name": "Construction Spending",
    "sub_name": "",
    "data_type": "macrotopic",
    "exchange": ""
  },
  {
    "name": "Initial Jobless Claims",
    "sub_name": "",
    "data_type": "macrotopic",
    "exchange": ""
  },
  {
    "name": "Index PPI",
    "sub_name": "",
    "data_type": "macrotopic",
    "exchange": ""
  },
  {
    "name": "Core PPI",
    "sub_name": "",
    "data_type": "macrotopic",
    "exchange": ""
  },
  {
    "name": "Index CPI",
    "sub_name": "",
    "data_type": "macrotopic",
    "exchange": ""
  },
  {
    "name": "Yield Curve",
    "sub_name": "",
    "data_type": "macrotopic",
    "exchange": ""
  },
  {
    "name": "Inflation",
    "sub_name": "",
    "data_type": "macrotopic",
    "exchange": ""
  },
  {
    "name": "Purchasing Power Parity",
    "sub_name": "",
    "data_type": "macrotopic",
    "exchange": ""
  },
  {
    "name": "Gross National Income",
    "sub_name": "",
    "data_type": "macrotopic",
    "exchange": ""
  },
  {
    "name": "Balance of Trade",
    "sub_name": "",
    "data_type": "macrotopic",
    "exchange": ""
  },
  {
    "name": "Balanced Budget",
    "sub_name": "",
    "data_type": "macrotopic",
    "exchange": ""
  },
  {
    "name": "Carbon Footprint",
    "sub_name": "",
    "data_type": "macrotopic",
    "exchange": ""
  },
  {
    "name": "Citizenship Amendment Act (CAA)",
    "sub_name": "",
    "data_type": "macrotopic",
    "exchange": ""
  },
  {
    "name": "Board Gender Diversity",
    "sub_name": "",
    "data_type": "macrotopic",
    "exchange": ""
  },
  {
    "name": "Racial and Ethnic Diversity",
    "sub_name": "",
    "data_type": "macrotopic",
    "exchange": ""
  },
  {
    "name": "Unemployment Benefits",
    "sub_name": "",
    "data_type": "macrotopic",
    "exchange": ""
  },
  {
    "name": "Infrastructure Equity",
    "sub_name": "",
    "data_type": "macrotopic",
    "exchange": ""
  },
  {
    "name": "Jobs",
    "sub_name": "",
    "data_type": "macrotopic",
    "exchange": ""
  },
  {
    "name": "Environmental Land Management Scheme (ELM)",
    "sub_name": "",
    "data_type": "macrotopic",
    "exchange": ""
  },
  {
    "name": "Brownfields",
    "sub_name": "",
    "data_type": "macrotopic",
    "exchange": ""
  },
  {
    "name": "Core Real Estate",
    "sub_name": "",
    "data_type": "macrotopic",
    "exchange": ""
  },
  {
    "name": "Core Plus Real Estate",
    "sub_name": "",
    "data_type": "macrotopic",
    "exchange": ""
  },
  {
    "name": "Green Finance",
    "sub_name": "",
    "data_type": "macrotopic",
    "exchange": ""
  },
  {
    "name": "Environmental Economy",
    "sub_name": "",
    "data_type": "macrotopic",
    "exchange": ""
  },
  {
    "name": "Biddings",
    "sub_name": "",
    "data_type": "macrotopic",
    "exchange": ""
  },
  {
    "name": "Unemployment Rates",
    "sub_name": "",
    "data_type": "macrotopic",
    "exchange": ""
  },
  {
    "name": "Gross Domestic Product",
    "sub_name": "",
    "data_type": "macrotopic",
    "exchange": ""
  },
  {
    "name": "Economic Growth",
    "sub_name": "",
    "data_type": "macrotopic",
    "exchange": ""
  },
  {
    "name": "Gross National Product",
    "sub_name": "",
    "data_type": "macrotopic",
    "exchange": ""
  },
  {
    "name": "Exports",
    "sub_name": "",
    "data_type": "macrotopic",
    "exchange": ""
  },
  {
    "name": "Imports",
    "sub_name": "",
    "data_type": "macrotopic",
    "exchange": ""
  },
  {
    "name": "Deflation",
    "sub_name": "",
    "data_type": "macrotopic",
    "exchange": ""
  },
  {
    "name": "Monetary Policy",
    "sub_name": "",
    "data_type": "macrotopic",
    "exchange": ""
  },
  {
    "name": "US Truck Sales",
    "sub_name": "",
    "data_type": "macrotopic",
    "exchange": ""
  },
  {
    "name": "Truck Sales Numbers",
    "sub_name": "",
    "data_type": "macrotopic",
    "exchange": ""
  },
  {
    "name": "Continuing Jobless Claims",
    "sub_name": "",
    "data_type": "macrotopic",
    "exchange": ""
  },
  {
    "name": "Export Prices ex-ag.",
    "sub_name": "",
    "data_type": "macrotopic",
    "exchange": ""
  },
  {
    "name": "Retail Sales Index",
    "sub_name": "",
    "data_type": "macrotopic",
    "exchange": ""
  },
  {
    "name": "Adp National Employment Report",
    "sub_name": "",
    "data_type": "macrotopic",
    "exchange": ""
  },
  {
    "name": "ADP Employment Report",
    "sub_name": "",
    "data_type": "macrotopic",
    "exchange": ""
  },
  {
    "name": "Policy",
    "sub_name": "",
    "data_type": "macrotopic",
    "exchange": ""
  },
  {
    "name": "Capitalism",
    "sub_name": "",
    "data_type": "macrotopic",
    "exchange": ""
  },
  {
    "name": "GBPUSD",
    "sub_name": "USDGBPGBPUSD",
    "data_type": "fx",
    "exchange": ""
  },
  {
    "name": "EURUSD",
    "sub_name": "USDEUREURUSD",
    "data_type": "fx",
    "exchange": ""
  },
  {
    "name": "USDJPY",
    "sub_name": "JPYUSDUSDJPY",
    "data_type": "fx",
    "exchange": ""
  },
  {
    "name": "EURGBP",
    "sub_name": "GBPEUREURGBP",
    "data_type": "fx",
    "exchange": ""
  },
  {
    "name": "USDCAD",
    "sub_name": "CADUSDUSDCAD",
    "data_type": "fx",
    "exchange": ""
  },
  {
    "name": "AUDUSD",
    "sub_name": "USDAUDAUDUSD",
    "data_type": "fx",
    "exchange": ""
  },
  {
    "name": "USDRUB",
    "sub_name": "RUBUSDUSDRUB",
    "data_type": "fx",
    "exchange": ""
  },
  {
    "name": "USDCHF",
    "sub_name": "CHFUSDUSDCHF",
    "data_type": "fx",
    "exchange": ""
  },
  {
    "name": "USDINR",
    "sub_name": "INRUSDUSDINR",
    "data_type": "fx",
    "exchange": ""
  },
  {
    "name": "USDNZD",
    "sub_name": "USDNZDNZDUSD",
    "data_type": "fx",
    "exchange": ""
  },
  {
    "name": "EURJPY",
    "sub_name": "JPYEUREURJPY",
    "data_type": "fx",
    "exchange": ""
  },
  {
    "name": "GBPAUD",
    "sub_name": "AUDGBPGBPAUD",
    "data_type": "fx",
    "exchange": ""
  },
  {
    "name": "EURCHF",
    "sub_name": "CHFEUREURCHF",
    "data_type": "fx",
    "exchange": ""
  },
  {
    "name": "USDTRY",
    "sub_name": "TRYUSDUSDTRY",
    "data_type": "fx",
    "exchange": ""
  },
  {
    "name": "USDCNY",
    "sub_name": "CNYUSDUSDCNY",
    "data_type": "fx",
    "exchange": ""
  },
  {
    "name": "GBPJPY",
    "sub_name": "JPYGBPGBPJPY",
    "data_type": "fx",
    "exchange": ""
  },
  {
    "name": "USDMXN",
    "sub_name": "MXNUSDUSDMXN",
    "data_type": "fx",
    "exchange": ""
  },
  {
    "name": "EURCAD",
    "sub_name": "CADEUREURCAD",
    "data_type": "fx",
    "exchange": ""
  },
  {
    "name": "CADJPY",
    "sub_name": "CADJPYJPYCAD",
    "data_type": "fx",
    "exchange": ""
  },
  {
    "name": "USDZAR",
    "sub_name": "ZARUSDUSDZAR",
    "data_type": "fx",
    "exchange": ""
  },
  {
    "name": "USDNOK",
    "sub_name": "NOKUSDUSDNOK",
    "data_type": "fx",
    "exchange": ""
  },
  {
    "name": "GBPCHF",
    "sub_name": "CHFGBPGBPCHF",
    "data_type": "fx",
    "exchange": ""
  },
  {
    "name": "GBPNZD",
    "sub_name": "NZDGBPGBPNZD",
    "data_type": "fx",
    "exchange": ""
  },
  {
    "name": "Canadian Dollar",
    "sub_name": "CAD",
    "data_type": "fx",
    "exchange": ""
  },
  {
    "name": "Central African CFA Franc",
    "sub_name": "XAF",
    "data_type": "fx",
    "exchange": ""
  },
  {
    "name": "Cuban Peso",
    "sub_name": "CUP",
    "data_type": "fx",
    "exchange": ""
  },
  {
    "name": "Czech Koruna",
    "sub_name": "CZK",
    "data_type": "fx",
    "exchange": ""
  },
  {
    "name": "Ethiopian Birr",
    "sub_name": "ETB",
    "data_type": "fx",
    "exchange": ""
  },
  {
    "name": "Aruban Florin",
    "sub_name": "AWG",
    "data_type": "fx",
    "exchange": ""
  },
  {
    "name": "Australian Dollar",
    "sub_name": "AUD",
    "data_type": "fx",
    "exchange": ""
  },
  {
    "name": "Bermudian Dollar",
    "sub_name": "BMD",
    "data_type": "fx",
    "exchange": ""
  },
  {
    "name": "accounting-and-audit-issues",
    "sub_name": "",
    "data_type": "events",
    "exchange": ""
  },
  {
    "name": "crowdfunding",
    "sub_name": "",
    "data_type": "events",
    "exchange": ""
  },
  {
    "name": "profit-warning",
    "sub_name": "",
    "data_type": "events",
    "exchange": ""
  },
  {
    "name": "accounting-changes",
    "sub_name": "",
    "data_type": "events",
    "exchange": ""
  },
  {
    "name": "Default",
    "sub_name": "",
    "data_type": "events",
    "exchange": ""
  },
  {
    "name": "Protests",
    "sub_name": "",
    "data_type": "events",
    "exchange": ""
  },
  {
    "name": "acquisitions",
    "sub_name": "",
    "data_type": "events",
    "exchange": ""
  },
  {
    "name": "Delistings",
    "sub_name": "",
    "data_type": "events",
    "exchange": ""
  },
  {
    "name": "referendum",
    "sub_name": "",
    "data_type": "events",
    "exchange": ""
  },
  {
    "name": "activist-investing",
    "sub_name": "",
    "data_type": "events",
    "exchange": ""
  },
  {
    "name": "disasters",
    "sub_name": "",
    "data_type": "events",
    "exchange": ""
  },
  {
    "name": "Refinancing",
    "sub_name": "",
    "data_type": "events",
    "exchange": ""
  },
  {
    "name": "analyst-downgrades-to-sell",
    "sub_name": "",
    "data_type": "events",
    "exchange": ""
  },
  {
    "name": "disposals",
    "sub_name": "",
    "data_type": "events",
    "exchange": ""
  },
  {
    "name": "regulatory-changes-and-issues",
    "sub_name": "",
    "data_type": "events",
    "exchange": ""
  },
  {
    "name": "analyst-upgrades-to-buy",
    "sub_name": "",
    "data_type": "events",
    "exchange": ""
  },
  {
    "name": "disputes",
    "sub_name": "",
    "data_type": "events",
    "exchange": ""
  },
  {
    "name": "restructure",
    "sub_name": "",
    "data_type": "events",
    "exchange": ""
  },
  {
    "name": "analyst-buy-rating",
    "sub_name": "",
    "data_type": "events",
    "exchange": ""
  },
  {
    "name": "divestment",
    "sub_name": "",
    "data_type": "events",
    "exchange": ""
  },
  {
    "name": "reverse-takeover",
    "sub_name": "",
    "data_type": "events",
    "exchange": ""
  },
  {
    "name": "analyst-downgrades",
    "sub_name": "",
    "data_type": "events",
    "exchange": ""
  },
  {
    "name": "dividend-cut",
    "sub_name": "",
    "data_type": "events",
    "exchange": ""
  },
  {
    "name": "rights-issue",
    "sub_name": "",
    "data_type": "events",
    "exchange": ""
  },
  {
    "name": "analyst-equal-weight-rating",
    "sub_name": "",
    "data_type": "events",
    "exchange": ""
  },
  {
    "name": "dividend-announcements",
    "sub_name": "",
    "data_type": "events",
    "exchange": ""
  },
  {
    "name": "riots",
    "sub_name": "",
    "data_type": "events",
    "exchange": ""
  },
  {
    "name": "analyst-hold-rating",
    "sub_name": "",
    "data_type": "events",
    "exchange": ""
  },
  {
    "name": "earnings",
    "sub_name": "",
    "data_type": "events",
    "exchange": ""
  },
  {
    "name": "roadshows",
    "sub_name": "",
    "data_type": "events",
    "exchange": ""
  },
  {
    "name": "analyst-initiate-coverage",
    "sub_name": "",
    "data_type": "events",
    "exchange": ""
  },
  {
    "name": "ecb-monetary-policy-meeting",
    "sub_name": "",
    "data_type": "events",
    "exchange": ""
  },
  {
    "name": "rumours",
    "sub_name": "",
    "data_type": "events",
    "exchange": ""
  },
  {
    "name": "analyst-market-perform-rating",
    "sub_name": "",
    "data_type": "events",
    "exchange": ""
  },
  {
    "name": "ecb-press-conference",
    "sub_name": "",
    "data_type": "events",
    "exchange": ""
  },
  {
    "name": "russian-sanctions-rus",
    "sub_name": "",
    "data_type": "events",
    "exchange": ""
  },
  {
    "name": "analyst-neutral-rating",
    "sub_name": "",
    "data_type": "events",
    "exchange": ""
  },
  {
    "name": "economic-events",
    "sub_name": "",
    "data_type": "events",
    "exchange": ""
  },
  {
    "name": "sales-and-purchase-agreement",
    "sub_name": "",
    "data_type": "events",
    "exchange": ""
  },
  {
    "name": "analyst-outperform-rating",
    "sub_name": "",
    "data_type": "events",
    "exchange": ""
  },
  {
    "name": "election-polls",
    "sub_name": "",
    "data_type": "events",
    "exchange": ""
  },
  {
    "name": "sanctions",
    "sub_name": "",
    "data_type": "events",
    "exchange": ""
  },
  {
    "name": "analyst-overweight-rating",
    "sub_name": "",
    "data_type": "events",
    "exchange": ""
  },
  {
    "name": "elections",
    "sub_name": "",
    "data_type": "events",
    "exchange": ""
  },
  {
    "name": "scams",
    "sub_name": "",
    "data_type": "events",
    "exchange": ""
  },
  {
    "name": "analyst-price-target-decrease",
    "sub_name": "",
    "data_type": "events",
    "exchange": ""
  },
  {
    "name": "environmental-social-governance",
    "sub_name": "",
    "data_type": "events",
    "exchange": ""
  },
  {
    "name": "scandals",
    "sub_name": "",
    "data_type": "events",
    "exchange": ""
  },
  {
    "name": "analyst-price-target-increase",
    "sub_name": "",
    "data_type": "events",
    "exchange": ""
  },
  {
    "name": "equity-crowdfunding",
    "sub_name": "",
    "data_type": "events",
    "exchange": ""
  },
  {
    "name": "sec-filings-and-other-news",
    "sub_name": "",
    "data_type": "events",
    "exchange": ""
  },
  {
    "name": "analyst-ratings",
    "sub_name": "",
    "data_type": "events",
    "exchange": ""
  },
  {
    "name": "exclusive-deals",
    "sub_name": "",
    "data_type": "events",
    "exchange": ""
  },
  {
    "name": "seed-funding",
    "sub_name": "",
    "data_type": "events",
    "exchange": ""
  },
  {
    "name": "analyst-sector-perform-rating",
    "sub_name": "",
    "data_type": "events",
    "exchange": ""
  },
  {
    "name": "executives-churn",
    "sub_name": "",
    "data_type": "events",
    "exchange": ""
  },
  {
    "name": "series-a-investing",
    "sub_name": "",
    "data_type": "events",
    "exchange": ""
  },
  {
    "name": "analyst-sector-weight-rating",
    "sub_name": "",
    "data_type": "events",
    "exchange": ""
  },
  {
    "name": "executives-management",
    "sub_name": "",
    "data_type": "events",
    "exchange": ""
  },
  {
    "name": "series-b-investing",
    "sub_name": "",
    "data_type": "events",
    "exchange": ""
  },
  {
    "name": "analyst-sell-rating",
    "sub_name": "",
    "data_type": "events",
    "exchange": ""
  },
  {
    "name": "executives-new-hires",
    "sub_name": "",
    "data_type": "events",
    "exchange": ""
  },
  {
    "name": "series-c-investing",
    "sub_name": "",
    "data_type": "events",
    "exchange": ""
  },
  {
    "name": "analyst-strong-buy-rating",
    "sub_name": "",
    "data_type": "events",
    "exchange": ""
  },
  {
    "name": "financial-crime",
    "sub_name": "",
    "data_type": "events",
    "exchange": ""
  },
  {
    "name": "series-d-investing",
    "sub_name": "",
    "data_type": "events",
    "exchange": ""
  },
  {
    "name": "analyst-strong-sell-rating",
    "sub_name": "",
    "data_type": "events",
    "exchange": ""
  },
  {
    "name": "fines",
    "sub_name": "",
    "data_type": "events",
    "exchange": ""
  },
  {
    "name": "series-e-investing",
    "sub_name": "",
    "data_type": "events",
    "exchange": ""
  },
  {
    "name": "analyst-underperform-rating",
    "sub_name": "",
    "data_type": "events",
    "exchange": ""
  },
  {
    "name": "fomc-minutes",
    "sub_name": "",
    "data_type": "events",
    "exchange": ""
  },
  {
    "name": "series-f-investing",
    "sub_name": "",
    "data_type": "events",
    "exchange": ""
  },
  {
    "name": "analyst-underweight-rating",
    "sub_name": "",
    "data_type": "events",
    "exchange": ""
  },
  {
    "name": "fraud",
    "sub_name": "",
    "data_type": "events",
    "exchange": ""
  },
  {
    "name": "series-g-investing",
    "sub_name": "",
    "data_type": "events",
    "exchange": ""
  },
  {
    "name": "analyst-upgrades",
    "sub_name": "",
    "data_type": "events",
    "exchange": ""
  },
  {
    "name": "geopolitical",
    "sub_name": "",
    "data_type": "events",
    "exchange": ""
  },
  {
    "name": "series-h-investing",
    "sub_name": "",
    "data_type": "events",
    "exchange": ""
  },
  {
    "name": "angel-investing",
    "sub_name": "",
    "data_type": "events",
    "exchange": ""
  },
  {
    "name": "initial-coin-offerings",
    "sub_name": "",
    "data_type": "events",
    "exchange": ""
  },
  {
    "name": "sexual-harassment",
    "sub_name": "",
    "data_type": "events",
    "exchange": ""
  },
  {
    "name": "antitrust-issues",
    "sub_name": "",
    "data_type": "events",
    "exchange": ""
  },
  {
    "name": "insider-activity",
    "sub_name": "",
    "data_type": "events",
    "exchange": ""
  },
  {
    "name": "share-buyback",
    "sub_name": "",
    "data_type": "events",
    "exchange": ""
  },
  {
    "name": "arbitration",
    "sub_name": "",
    "data_type": "events",
    "exchange": ""
  },
  {
    "name": "insider-buying",
    "sub_name": "",
    "data_type": "events",
    "exchange": ""
  },
  {
    "name": "sovereign-credit-ratings",
    "sub_name": "",
    "data_type": "events",
    "exchange": ""
  },
  {
    "name": "Asset Manager Changes",
    "sub_name": "",
    "data_type": "events",
    "exchange": ""
  },
  {
    "name": "insider-selling",
    "sub_name": "",
    "data_type": "events",
    "exchange": ""
  },
  {
    "name": "spinoffs",
    "sub_name": "",
    "data_type": "events",
    "exchange": ""
  },
  {
    "name": "bankruptcy",
    "sub_name": "",
    "data_type": "events",
    "exchange": ""
  },
  {
    "name": "insider-trading",
    "sub_name": "",
    "data_type": "events",
    "exchange": ""
  },
  {
    "name": "stock-splits",
    "sub_name": "",
    "data_type": "events",
    "exchange": ""
  },
  {
    "name": "block-sale",
    "sub_name": "",
    "data_type": "events",
    "exchange": ""
  },
  {
    "name": "Insolvency",
    "sub_name": "",
    "data_type": "events",
    "exchange": ""
  },
  {
    "name": "stocks-short-selling-changes",
    "sub_name": "",
    "data_type": "events",
    "exchange": ""
  },
  {
    "name": "bond-issuance",
    "sub_name": "",
    "data_type": "events",
    "exchange": ""
  },
  {
    "name": "investing-in-start-ups",
    "sub_name": "",
    "data_type": "events",
    "exchange": ""
  },
  {
    "name": "strikes",
    "sub_name": "",
    "data_type": "events",
    "exchange": ""
  },
  {
    "name": "bonus-issues",
    "sub_name": "",
    "data_type": "events",
    "exchange": ""
  },
  {
    "name": "investment-portfolio-changes",
    "sub_name": "",
    "data_type": "events",
    "exchange": ""
  },
  {
    "name": "supply-chain-management",
    "sub_name": "",
    "data_type": "events",
    "exchange": ""
  },
  {
    "name": "bribery",
    "sub_name": "",
    "data_type": "events",
    "exchange": ""
  },
  {
    "name": "ipos",
    "sub_name": "",
    "data_type": "events",
    "exchange": ""
  },
  {
    "name": "tax-changes-and-issues",
    "sub_name": "",
    "data_type": "events",
    "exchange": ""
  },
  {
    "name": "Business Failures",
    "sub_name": "",
    "data_type": "events",
    "exchange": ""
  },
  {
    "name": "Joint Ventures",
    "sub_name": "",
    "data_type": "events",
    "exchange": ""
  },
  {
    "name": "trade-deal",
    "sub_name": "",
    "data_type": "events",
    "exchange": ""
  },
  {
    "name": "business-expansion",
    "sub_name": "",
    "data_type": "events",
    "exchange": ""
  },
  {
    "name": "layoff",
    "sub_name": "",
    "data_type": "events",
    "exchange": ""
  },
  {
    "name": "trade-talks",
    "sub_name": "",
    "data_type": "events",
    "exchange": ""
  },
  {
    "name": "capital-raising",
    "sub_name": "",
    "data_type": "events",
    "exchange": ""
  },
  {
    "name": "legal-changes-and-issues",
    "sub_name": "",
    "data_type": "events",
    "exchange": ""
  },
  {
    "name": "venture-capital-raising",
    "sub_name": "",
    "data_type": "events",
    "exchange": ""
  },
  {
    "name": "cease-and-desist-orders",
    "sub_name": "",
    "data_type": "events",
    "exchange": ""
  },
  {
    "name": "legal-settlements",
    "sub_name": "",
    "data_type": "events",
    "exchange": ""
  },
  {
    "name": "whistleblower",
    "sub_name": "",
    "data_type": "events",
    "exchange": ""
  },
  {
    "name": "class-action-suits",
    "sub_name": "",
    "data_type": "events",
    "exchange": ""
  },
  {
    "name": "leveraged-buyout",
    "sub_name": "",
    "data_type": "events",
    "exchange": ""
  },
  {
    "name": "white-collar-crimes",
    "sub_name": "",
    "data_type": "events",
    "exchange": ""
  },
  {
    "name": "closure",
    "sub_name": "",
    "data_type": "events",
    "exchange": ""
  },
  {
    "name": "market-manipulation",
    "sub_name": "",
    "data_type": "events",
    "exchange": ""
  },
  {
    "name": "",
    "sub_name": "",
    "data_type": "events",
    "exchange": ""
  },
  {
    "name": "community-investing",
    "sub_name": "",
    "data_type": "events",
    "exchange": ""
  },
  {
    "name": "mergers",
    "sub_name": "",
    "data_type": "events",
    "exchange": ""
  },
  {
    "name": "",
    "sub_name": "",
    "data_type": "events",
    "exchange": ""
  },
  {
    "name": "company-guidance",
    "sub_name": "",
    "data_type": "events",
    "exchange": ""
  },
  {
    "name": "mergers-acquisitions",
    "sub_name": "",
    "data_type": "events",
    "exchange": ""
  },
  {
    "name": "",
    "sub_name": "",
    "data_type": "events",
    "exchange": ""
  },
  {
    "name": "corporate-actions",
    "sub_name": "",
    "data_type": "events",
    "exchange": ""
  },
  {
    "name": "money-laundering",
    "sub_name": "",
    "data_type": "events",
    "exchange": ""
  },
  {
    "name": "",
    "sub_name": "",
    "data_type": "events",
    "exchange": ""
  },
  {
    "name": "corporate-credit-ratings",
    "sub_name": "",
    "data_type": "events",
    "exchange": ""
  },
  {
    "name": "negotiations",
    "sub_name": "",
    "data_type": "events",
    "exchange": ""
  },
  {
    "name": "",
    "sub_name": "",
    "data_type": "events",
    "exchange": ""
  },
  {
    "name": "corporate-performance",
    "sub_name": "",
    "data_type": "events",
    "exchange": ""
  },
  {
    "name": "Offload",
    "sub_name": "",
    "data_type": "events",
    "exchange": ""
  },
  {
    "name": "",
    "sub_name": "",
    "data_type": "events",
    "exchange": ""
  },
  {
    "name": "credit-rating-downgrades",
    "sub_name": "",
    "data_type": "events",
    "exchange": ""
  },
  {
    "name": "partnerships",
    "sub_name": "",
    "data_type": "events",
    "exchange": ""
  },
  {
    "name": "",
    "sub_name": "",
    "data_type": "events",
    "exchange": ""
  },
  {
    "name": "credit-ratings",
    "sub_name": "",
    "data_type": "events",
    "exchange": ""
  },
  {
    "name": "police-probe-reports",
    "sub_name": "",
    "data_type": "events",
    "exchange": ""
  },
  {
    "name": "",
    "sub_name": "",
    "data_type": "events",
    "exchange": ""
  },
  {
    "name": "credit-rating-upgrades",
    "sub_name": "",
    "data_type": "events",
    "exchange": ""
  },
  {
    "name": "politics",
    "sub_name": "",
    "data_type": "events",
    "exchange": ""
  },
  {
    "name": "",
    "sub_name": "",
    "data_type": "events",
    "exchange": ""
  },
  {
    "name": "criminal-activity",
    "sub_name": "",
    "data_type": "events",
    "exchange": ""
  },
  {
    "name": "products-projects-launches",
    "sub_name": "",
    "data_type": "events",
    "exchange": ""
  },
  {
    "name": "alternative-dats",
    "sub_name": "",
    "data_type": "topics",
    "exchange": ""
  },
  {
    "name": "other-events",
    "sub_name": "",
    "data_type": "topics",
    "exchange": ""
  },
  {
    "name": "closed-end-funds",
    "sub_name": "",
    "data_type": "topics",
    "exchange": ""
  },
  {
    "name": "other-equity-securities",
    "sub_name": "",
    "data_type": "topics",
    "exchange": ""
  },
  {
    "name": "commodities",
    "sub_name": "",
    "data_type": "topics",
    "exchange": ""
  },
  {
    "name": "people",
    "sub_name": "",
    "data_type": "topics",
    "exchange": ""
  },
  {
    "name": "corporate-bonds",
    "sub_name": "",
    "data_type": "topics",
    "exchange": ""
  },
  {
    "name": "preferred-stocks",
    "sub_name": "",
    "data_type": "topics",
    "exchange": ""
  },
  {
    "name": "cryptocurrencies",
    "sub_name": "",
    "data_type": "topics",
    "exchange": ""
  },
  {
    "name": "private-companies",
    "sub_name": "",
    "data_type": "topics",
    "exchange": ""
  },
  {
    "name": "events",
    "sub_name": "",
    "data_type": "topics",
    "exchange": ""
  },
  {
    "name": "products",
    "sub_name": "",
    "data_type": "topics",
    "exchange": ""
  },
  {
    "name": "funds",
    "sub_name": "",
    "data_type": "topics",
    "exchange": ""
  },
  {
    "name": "property",
    "sub_name": "",
    "data_type": "topics",
    "exchange": ""
  },
  {
    "name": "financial-topics",
    "sub_name": "",
    "data_type": "topics",
    "exchange": ""
  },
  {
    "name": "ratings-research-firms",
    "sub_name": "",
    "data_type": "topics",
    "exchange": ""
  },
  {
    "name": "fundamental-analysis",
    "sub_name": "",
    "data_type": "topics",
    "exchange": ""
  },
  {
    "name": "regulations",
    "sub_name": "",
    "data_type": "topics",
    "exchange": ""
  },
  {
    "name": "foreign-exchange",
    "sub_name": "",
    "data_type": "topics",
    "exchange": ""
  },
  {
    "name": "bonds",
    "sub_name": "",
    "data_type": "topics",
    "exchange": ""
  },
  {
    "name": "indices",
    "sub_name": "",
    "data_type": "topics",
    "exchange": ""
  },
  {
    "name": "state-owned-companies",
    "sub_name": "",
    "data_type": "topics",
    "exchange": ""
  },
  {
    "name": "macro-topics",
    "sub_name": "",
    "data_type": "topics",
    "exchange": ""
  },
  {
    "name": "stocks",
    "sub_name": "",
    "data_type": "topics",
    "exchange": ""
  },
  {
    "name": "mutual-funds",
    "sub_name": "",
    "data_type": "topics",
    "exchange": ""
  },
  {
    "name": "technical-analysis",
    "sub_name": "",
    "data_type": "topics",
    "exchange": ""
  },
  {
    "name": "organisations",
    "sub_name": "",
    "data_type": "topics",
    "exchange": ""
  },
  {
    "name": "Aluminium",
    "sub_name": "",
    "data_type": "commodities",
    "exchange": ""
  },
  {
    "name": "Heating Oil",
    "sub_name": "",
    "data_type": "commodities",
    "exchange": ""
  },
  {
    "name": "Rapeseed Oil",
    "sub_name": "",
    "data_type": "commodities",
    "exchange": ""
  },
  {
    "name": "Aluminium Alloy",
    "sub_name": "",
    "data_type": "commodities",
    "exchange": ""
  },
  {
    "name": "Henry Hub Natural Gas",
    "sub_name": "",
    "data_type": "commodities",
    "exchange": ""
  },
  {
    "name": "RBOB Gasoline",
    "sub_name": "",
    "data_type": "commodities",
    "exchange": ""
  },
  {
    "name": "Amber",
    "sub_name": "",
    "data_type": "commodities",
    "exchange": ""
  },
  {
    "name": "HRC Steel",
    "sub_name": "",
    "data_type": "commodities",
    "exchange": ""
  },
  {
    "name": "Rebar Steel",
    "sub_name": "",
    "data_type": "commodities",
    "exchange": ""
  },
  {
    "name": "Arabica Coffee",
    "sub_name": "",
    "data_type": "commodities",
    "exchange": ""
  },
  {
    "name": "Iridium",
    "sub_name": "",
    "data_type": "commodities",
    "exchange": ""
  },
  {
    "name": "Recycled steel",
    "sub_name": "",
    "data_type": "commodities",
    "exchange": ""
  },
  {
    "name": "Barley",
    "sub_name": "",
    "data_type": "commodities",
    "exchange": ""
  },
  {
    "name": "Iron ore",
    "sub_name": "",
    "data_type": "commodities",
    "exchange": ""
  },
  {
    "name": "Rhodium",
    "sub_name": "",
    "data_type": "commodities",
    "exchange": ""
  },
  {
    "name": "Blended Crude Oil",
    "sub_name": "",
    "data_type": "commodities",
    "exchange": ""
  },
  {
    "name": "Lead",
    "sub_name": "",
    "data_type": "commodities",
    "exchange": ""
  },
  {
    "name": "Robusta Coffee",
    "sub_name": "",
    "data_type": "commodities",
    "exchange": ""
  },
  {
    "name": "Brent Crude Oil",
    "sub_name": "",
    "data_type": "commodities",
    "exchange": ""
  },
  {
    "name": "Lean Hogs",
    "sub_name": "",
    "data_type": "commodities",
    "exchange": ""
  },
  {
    "name": "Rough Rice",
    "sub_name": "",
    "data_type": "commodities",
    "exchange": ""
  },
  {
    "name": "Canola",
    "sub_name": "",
    "data_type": "commodities",
    "exchange": ""
  },
  {
    "name": "Liquefied petroleum gas",
    "sub_name": "",
    "data_type": "commodities",
    "exchange": ""
  },
  {
    "name": "Rubber",
    "sub_name": "",
    "data_type": "commodities",
    "exchange": ""
  },
  {
    "name": "Carbon Credit",
    "sub_name": "",
    "data_type": "commodities",
    "exchange": ""
  },
  {
    "name": "Lithium",
    "sub_name": "",
    "data_type": "commodities",
    "exchange": ""
  },
  {
    "name": "Ruthenium",
    "sub_name": "",
    "data_type": "commodities",
    "exchange": ""
  },
  {
    "name": "Coal",
    "sub_name": "",
    "data_type": "commodities",
    "exchange": ""
  },
  {
    "name": "Live Cattle",
    "sub_name": "",
    "data_type": "commodities",
    "exchange": ""
  },
  {
    "name": "Salmon",
    "sub_name": "",
    "data_type": "commodities",
    "exchange": ""
  },
  {
    "name": "Coated Steel",
    "sub_name": "",
    "data_type": "commodities",
    "exchange": ""
  },
  {
    "name": "Livestock",
    "sub_name": "",
    "data_type": "commodities",
    "exchange": ""
  },
  {
    "name": "Shale Gas",
    "sub_name": "",
    "data_type": "commodities",
    "exchange": ""
  },
  {
    "name": "Cobalt",
    "sub_name": "",
    "data_type": "commodities",
    "exchange": ""
  },
  {
    "name": "Lumber",
    "sub_name": "",
    "data_type": "commodities",
    "exchange": ""
  },
  {
    "name": "Shrimp",
    "sub_name": "",
    "data_type": "commodities",
    "exchange": ""
  },
  {
    "name": "Cocoa",
    "sub_name": "",
    "data_type": "commodities",
    "exchange": ""
  },
  {
    "name": "Magnesium",
    "sub_name": "",
    "data_type": "commodities",
    "exchange": ""
  },
  {
    "name": "Silver",
    "sub_name": "",
    "data_type": "commodities",
    "exchange": ""
  },
  {
    "name": "Cocoa Beans",
    "sub_name": "",
    "data_type": "commodities",
    "exchange": ""
  },
  {
    "name": "Metallurgical Coal",
    "sub_name": "",
    "data_type": "commodities",
    "exchange": ""
  },
  {
    "name": "Soft Logs",
    "sub_name": "",
    "data_type": "commodities",
    "exchange": ""
  },
  {
    "name": "CoffeeMilk",
    "sub_name": "",
    "data_type": "commodities",
    "exchange": ""
  },
  {
    "name": "Soyabeans",
    "sub_name": "",
    "data_type": "commodities",
    "exchange": ""
  },
  {
    "name": "Copper",
    "sub_name": "",
    "data_type": "commodities",
    "exchange": ""
  },
  {
    "name": "Molybdenum",
    "sub_name": "",
    "data_type": "commodities",
    "exchange": ""
  },
  {
    "name": "Soybean Meal",
    "sub_name": "",
    "data_type": "commodities",
    "exchange": ""
  },
  {
    "name": "Corn",
    "sub_name": "",
    "data_type": "commodities",
    "exchange": ""
  },
  {
    "name": "Natural Gas",
    "sub_name": "",
    "data_type": "commodities",
    "exchange": ""
  },
  {
    "name": "Soybean Oil",
    "sub_name": "",
    "data_type": "commodities",
    "exchange": ""
  },
  {
    "name": "Cotton",
    "sub_name": "",
    "data_type": "commodities",
    "exchange": ""
  },
  {
    "name": "Nickel",
    "sub_name": "",
    "data_type": "commodities",
    "exchange": ""
  },
  {
    "name": "Steel",
    "sub_name": "",
    "data_type": "commodities",
    "exchange": ""
  },
  {
    "name": "CRC Steel",
    "sub_name": "",
    "data_type": "commodities",
    "exchange": ""
  },
  {
    "name": "Oats",
    "sub_name": "",
    "data_type": "commodities",
    "exchange": ""
  },
  {
    "name": "Steel Billets & Slab",
    "sub_name": "",
    "data_type": "commodities",
    "exchange": ""
  },
  {
    "name": "Dairy",
    "sub_name": "",
    "data_type": "commodities",
    "exchange": ""
  },
  {
    "name": "Oil",
    "sub_name": "",
    "data_type": "commodities",
    "exchange": ""
  },
  {
    "name": "Steel Scrap",
    "sub_name": "",
    "data_type": "commodities",
    "exchange": ""
  },
  {
    "name": "Diamonds",
    "sub_name": "",
    "data_type": "commodities",
    "exchange": ""
  },
  {
    "name": "Olive Oil",
    "sub_name": "",
    "data_type": "commodities",
    "exchange": ""
  },
  {
    "name": "Sugar",
    "sub_name": "",
    "data_type": "commodities",
    "exchange": ""
  },
  {
    "name": "Diesel",
    "sub_name": "",
    "data_type": "commodities",
    "exchange": ""
  },
  {
    "name": "Orange Juice",
    "sub_name": "",
    "data_type": "commodities",
    "exchange": ""
  },
  {
    "name": "Sunflower Oil",
    "sub_name": "",
    "data_type": "commodities",
    "exchange": ""
  },
  {
    "name": "Ethanol",
    "sub_name": "",
    "data_type": "commodities",
    "exchange": ""
  },
  {
    "name": "Palladium",
    "sub_name": "",
    "data_type": "commodities",
    "exchange": ""
  },
  {
    "name": "Tea",
    "sub_name": "",
    "data_type": "commodities",
    "exchange": ""
  },
  {
    "name": "Fats",
    "sub_name": "",
    "data_type": "commodities",
    "exchange": ""
  },
  {
    "name": "Palm Oil",
    "sub_name": "",
    "data_type": "commodities",
    "exchange": ""
  },
  {
    "name": "Thermal Coal",
    "sub_name": "",
    "data_type": "commodities",
    "exchange": ""
  },
  {
    "name": "Feeder Cattle",
    "sub_name": "",
    "data_type": "commodities",
    "exchange": ""
  },
  {
    "name": "Platinum",
    "sub_name": "",
    "data_type": "commodities",
    "exchange": ""
  },
  {
    "name": "Tin",
    "sub_name": "",
    "data_type": "commodities",
    "exchange": ""
  },
  {
    "name": "Fishmeal",
    "sub_name": "",
    "data_type": "commodities",
    "exchange": ""
  },
  {
    "name": "Plumbum",
    "sub_name": "",
    "data_type": "commodities",
    "exchange": ""
  },
  {
    "name": "Uranium",
    "sub_name": "",
    "data_type": "commodities",
    "exchange": ""
  },
  {
    "name": "Frozen Concentrated Orange Juice",
    "sub_name": "",
    "data_type": "commodities",
    "exchange": ""
  },
  {
    "name": "Potash",
    "sub_name": "",
    "data_type": "commodities",
    "exchange": ""
  },
  {
    "name": "Wheat",
    "sub_name": "",
    "data_type": "commodities",
    "exchange": ""
  },
  {
    "name": "Gold",
    "sub_name": "",
    "data_type": "commodities",
    "exchange": ""
  },
  {
    "name": "Potato",
    "sub_name": "",
    "data_type": "commodities",
    "exchange": ""
  },
  {
    "name": "Wool",
    "sub_name": "",
    "data_type": "commodities",
    "exchange": ""
  },
  {
    "name": "Greenhouse Gas",
    "sub_name": "",
    "data_type": "commodities",
    "exchange": ""
  },
  {
    "name": "Potatoes",
    "sub_name": "",
    "data_type": "commodities",
    "exchange": ""
  },
  {
    "name": "WTI Crude Oil",
    "sub_name": "",
    "data_type": "commodities",
    "exchange": ""
  },
  {
    "name": "Gulf Coast Gasoline",
    "sub_name": "",
    "data_type": "commodities",
    "exchange": ""
  },
  {
    "name": "Propane",
    "sub_name": "",
    "data_type": "commodities",
    "exchange": ""
  },
  {
    "name": "Zinc",
    "sub_name": "",
    "data_type": "commodities",
    "exchange": ""
  },
  {
    "name": "Hard Logs",
    "sub_name": "",
    "data_type": "commodities",
    "exchange": ""
  },
  {
    "name": "Purified Terephthalic Acid",
    "sub_name": "",
    "data_type": "commodities",
    "exchange": ""
  },
  {
    "name": "SSEC",
    "sub_name": "Shanghai Composite",
    "data_type": "index",
    "exchange": ""
  },
  {
    "name": "AEP-P-B",
    "sub_name": "",
    "data_type": "tickers",
    "exchange": "NYSE"
  },
  {
    "name": "AI-P-B",
    "sub_name": "Arlington Asset Investment Corp 700 Series B Cumulative Perpetual Redeemable Preferred Stock",
    "data_type": "tickers",
    "exchange": "NYSE"
  },
  {
    "name": "AI-P-C",
    "sub_name": "Arlington Asset Investment Corp 8250 Series C FixedtoFloating Rate Cumulative Redeemable Preferred Stock",
    "data_type": "tickers",
    "exchange": "NYSE"
  },
  {
    "name": "AITB",
    "sub_name": "AIT Therapeutics Inc",
    "data_type": "tickers",
    "exchange": "NASDAQ"
  },
  {
    "name": "AUG",
    "sub_name": "Auryn Resources Inc",
    "data_type": "tickers",
    "exchange": "NYSE"
  },
  {
    "name": "AXGT",
    "sub_name": "Axovant Sciences Ltd",
    "data_type": "tickers",
    "exchange": "NASDAQ"
  },
  {
    "name": "BBT-P-F",
    "sub_name": "BBT Corporation Depositary Shares Series F",
    "data_type": "tickers",
    "exchange": "NYSE"
  },
  {
    "name": "BBT-P-G",
    "sub_name": "BBT Corporation Depositary Shares Series G",
    "data_type": "tickers",
    "exchange": "NYSE"
  },
  {
    "name": "BBT-P-H",
    "sub_name": "BBT Corporation Depositary shares Series H",
    "data_type": "tickers",
    "exchange": "NYSE"
  },
  {
    "name": "BPMX",
    "sub_name": "BioPharmX Corp",
    "data_type": "tickers",
    "exchange": "NYSE"
  },
  {
    "name": "CBL-P-D",
    "sub_name": "CBL Associates Properties Inc Dep Shares Repstg 110th Preferred Series D",
    "data_type": "tickers",
    "exchange": "NYSE"
  },
  {
    "name": "CBS-A",
    "sub_name": "CBS Corp",
    "data_type": "tickers",
    "exchange": "NYSE"
  },
  {
    "name": "CHAC",
    "sub_name": "Chardan Healthcare Acquisition Corp",
    "data_type": "tickers",
    "exchange": "NYSE"
  },
  {
    "name": "CHK-P-D",
    "sub_name": "Chesapeake Energy Corporation Convertible Preferred",
    "data_type": "tickers",
    "exchange": "NYSE"
  },
  {
    "name": "DD-P-A",
    "sub_name": "EI du Pont de Nemours and Company Preferred Stock",
    "data_type": "tickers",
    "exchange": "NYSE"
  },
  {
    "name": "DD-P-B",
    "sub_name": "EI du Pont de Nemours and Company Preferred Stock",
    "data_type": "tickers",
    "exchange": "NYSE"
  },
  {
    "name": "DGSE",
    "sub_name": "DGSE Companies Inc",
    "data_type": "tickers",
    "exchange": "NYSE"
  },
  {
    "name": "DLR-P-I",
    "sub_name": "Digital Realty Trust Inc 6350 Series I Cumulative Redeemable Preferred Stock par value 001 per share",
    "data_type": "tickers",
    "exchange": "NYSE"
  },
  {
    "name": "DPHC",
    "sub_name": "Diamondpeak Holdings Corp Class A",
    "data_type": "tickers",
    "exchange": "NASDAQ"
  },
  {
    "name": "FHL",
    "sub_name": "Futu Holdings Ltd ADR",
    "data_type": "tickers",
    "exchange": "NASDAQ"
  },
  {
    "name": "GLOW",
    "sub_name": "Glowpoint Inc",
    "data_type": "tickers",
    "exchange": "NYSE"
  },
  {
    "name": "GMO",
    "sub_name": "General Moly Inc",
    "data_type": "tickers",
    "exchange": "NYSE"
  },
  {
    "name": "HEB",
    "sub_name": "Hemispherx BioPharma Inc",
    "data_type": "tickers",
    "exchange": "NYSE"
  },
  {
    "name": "HHHH",
    "sub_name": "Wealthbridge Acquisition Ltd",
    "data_type": "tickers",
    "exchange": "NASDAQ"
  },
  {
    "name": "HSACU",
    "sub_name": "Health Sciences Acquisitions Corp Unit 1 Ordinary share 1 Wrt",
    "data_type": "tickers",
    "exchange": "NASDAQ"
  },
  {
    "name": "JE-P-A",
    "sub_name": "Just Energy Group Inc 850 Series A FixedtoFloating Rate Cumulative Redeemable Perpetual Preferred Shares",
    "data_type": "tickers",
    "exchange": "NYSE"
  },
  {
    "name": "KTB-W",
    "sub_name": "Kontoor Brands Inc When Issued",
    "data_type": "tickers",
    "exchange": "NYSE"
  },
  {
    "name": "NM-P-G",
    "sub_name": "Navios Maritime Holdings Inc Sponsored ADR Representing 1100th Perpetual Preferred Series G Marshall Islands",
    "data_type": "tickers",
    "exchange": "NYSE"
  },
  {
    "name": "NM-P-H",
    "sub_name": "Navios Maritime Holdings Inc Sponsored ADR Representing 1100th Perp Preferred Series H",
    "data_type": "tickers",
    "exchange": "NYSE"
  },
  {
    "name": "RNN",
    "sub_name": "Rexahn Pharmaceuticals Inc",
    "data_type": "tickers",
    "exchange": "NYSE"
  },
  {
    "name": "SHLL",
    "sub_name": "SHELLS SEAFOOD RESTAURANTS INC",
    "data_type": "tickers",
    "exchange": "NASDAQ"
  },
  {
    "name": "TGC",
    "sub_name": "Tengasco Inc",
    "data_type": "tickers",
    "exchange": "NYSE"
  },
  {
    "name": "TMK-P-C",
    "sub_name": "Torchmark Corporation 6125 Junior Subordinated Debentures due 2056",
    "data_type": "tickers",
    "exchange": "NYSE"
  },
  {
    "name": "TOO-P-A",
    "sub_name": "Teekay Offshore Partners LP 725 Series A Redeemable Preferred Units",
    "data_type": "tickers",
    "exchange": "NYSE"
  },
  {
    "name": "TOO-P-B",
    "sub_name": "Teekay Offshore Partners LP 850 Series B Cumulative Redeemable Preferred Units representing limited partner interests",
    "data_type": "tickers",
    "exchange": "NYSE"
  },
  {
    "name": "TOO-P-E",
    "sub_name": "Teekay Offshore Partners LP 8875 Series E FixedtoFloating Rate Cumulative Redeemable Perpetual Preferred Units",
    "data_type": "tickers",
    "exchange": "NYSE"
  },
  {
    "name": "TRNE",
    "sub_name": "",
    "data_type": "tickers",
    "exchange": "NYSE"
  },
  {
    "name": "TRWH",
    "sub_name": "Twin River Worldwide Holdings Inc",
    "data_type": "tickers",
    "exchange": "NYSE"
  },
  {
    "name": "TRXC",
    "sub_name": "TransEnterix Inc",
    "data_type": "tickers",
    "exchange": "NYSE"
  },
  {
    "name": "UMH-P-B",
    "sub_name": "UMH Properties Inc 80 Series B Cumulative Redeemable Preferred Stock",
    "data_type": "tickers",
    "exchange": "NYSE"
  },
  {
    "name": "WFC-P-V",
    "sub_name": "Wells Fargo Company Depositary Shares Series V",
    "data_type": "tickers",
    "exchange": "NYSE"
  },
  {
    "name": "WFC-P-W",
    "sub_name": "Wells Fargo Company Depositary Shares Series W",
    "data_type": "tickers",
    "exchange": "NYSE"
  },
  {
    "name": "XAN-P-C",
    "sub_name": "Exantas Capital Corp",
    "data_type": "tickers",
    "exchange": "NYSE"
  },
  {
    "name": "BRPM",
    "sub_name": "B. Riley Principal 150 Merger Corp - Class A",
    "data_type": "tickers",
    "exchange": "NASDAQ"
  },
  {
    "name": "BWMCW",
    "sub_name": "Boxwood Merger Corp Wt Exp 11262025",
    "data_type": "tickers",
    "exchange": "NASDAQ"
  },
  {
    "name": "CNACW",
    "sub_name": "Constellation Alpha Capital Corp Warrant",
    "data_type": "tickers",
    "exchange": "NASDAQ"
  },
  {
    "name": "EMESZ",
    "sub_name": "Emerge Energy Services LP representing Limited Partner Interests",
    "data_type": "tickers",
    "exchange": "NYSE"
  },
  {
    "name": "ESTRW",
    "sub_name": "Estre Ambiental Inc Warrants 21122022",
    "data_type": "tickers",
    "exchange": "NASDAQ"
  },
  {
    "name": "EVSI",
    "sub_name": "Envision Solar International Inc",
    "data_type": "tickers",
    "exchange": "NASDAQ"
  },
  {
    "name": "INSU",
    "sub_name": "",
    "data_type": "tickers",
    "exchange": "NASDAQ"
  },
  {
    "name": "JFK",
    "sub_name": "8i Enterprises Acquisition Corp",
    "data_type": "tickers",
    "exchange": "NASDAQ"
  },
  {
    "name": "LK",
    "sub_name": "Luckin Coffee Inc ADR",
    "data_type": "tickers",
    "exchange": "NASDAQ"
  },
  {
    "name": "PSV",
    "sub_name": "Hermitage Offshore Services Ltd Bermuda",
    "data_type": "tickers",
    "exchange": "NYSE"
  },
  {
    "name": "REXN",
    "sub_name": "Rexahn Pharmaceuticals Inc",
    "data_type": "tickers",
    "exchange": "NYSE"
  },
  {
    "name": "YGTY",
    "sub_name": "SSLJcom Ltd",
    "data_type": "tickers",
    "exchange": "NASDAQ"
  },
  {
    "name": "ZB-P-A",
    "sub_name": "Zions Bancorporation Depositary Shares Series A",
    "data_type": "tickers",
    "exchange": "NYSE"
  },
  {
    "name": "ZB-P-G",
    "sub_name": "Zions Bancorporation Dep Shs Repstg 140th Perp Pfd Ser G",
    "data_type": "tickers",
    "exchange": "NYSE"
  },
  {
    "name": "ZB-P-H",
    "sub_name": "Zions Bancorporation Dep Shs Repstg 140th Int Sh Ser H Perp Pfd Stk",
    "data_type": "tickers",
    "exchange": "NYSE"
  },
  {
    "name": "BRPM-WS",
    "sub_name": "B Riley Principal Merger Corp Warrants each whole warrant exercisable for one share of Class A common stock each at an exercise price of 1150 per share",
    "data_type": "tickers",
    "exchange": "NYSE"
  },
  {
    "name": "CPAA",
    "sub_name": "Conyers Park III Acquisition Corp - Class A",
    "data_type": "tickers",
    "exchange": "NASDAQ"
  },
  {
    "name": "DEAC",
    "sub_name": "Elite Data Services Inc",
    "data_type": "tickers",
    "exchange": "NASDAQ"
  },
  {
    "name": "GIG-WS",
    "sub_name": "GigCapital Inc Warrants each whole Warrant exercisable for one share of Common Stock at an exercise price of 1150 per share",
    "data_type": "tickers",
    "exchange": "NYSE"
  },
  {
    "name": "HHT",
    "sub_name": "China Advanced Constructn Mtrls Grp Inc",
    "data_type": "tickers",
    "exchange": "NASDAQ"
  },
  {
    "name": "JMPE",
    "sub_name": "JMP Group LLC 6.875 NT REDEEM 30092029 USD 25",
    "data_type": "tickers",
    "exchange": "NYSE"
  },
  {
    "name": "SATSV",
    "sub_name": "Echostar Corp",
    "data_type": "tickers",
    "exchange": "NASDAQ"
  },
  {
    "name": "CTACW",
    "sub_name": "Chaserg Technology Acquisition Corp Warrants 10042025",
    "data_type": "tickers",
    "exchange": "NASDAQ"
  },
  {
    "name": "CRRT",
    "sub_name": "Carbo Ceramics Inc",
    "data_type": "tickers",
    "exchange": "NYSE"
  },
  {
    "name": "DEACW",
    "sub_name": "Diamond Eagle Acquisition Corp. Warrant",
    "data_type": "tickers",
    "exchange": "NASDAQ"
  },
  {
    "name": "FLWR",
    "sub_name": "The Flowr",
    "data_type": "tickers",
    "exchange": "NASDAQ"
  },
  {
    "name": "GRSHW",
    "sub_name": "GRSHW",
    "data_type": "tickers",
    "exchange": "NASDAQ"
  },
  {
    "name": "JFKKW",
    "sub_name": "8i Enterprises Acquisition Corp Warrants 29102025",
    "data_type": "tickers",
    "exchange": "NASDAQ"
  },
  {
    "name": "MDIAV",
    "sub_name": "",
    "data_type": "tickers",
    "exchange": "NASDAQ"
  },
  {
    "name": "NVST-W",
    "sub_name": "Envista Holdings Corp",
    "data_type": "tickers",
    "exchange": "NYSE"
  },
  {
    "name": "SPN",
    "sub_name": "Superior Energy Services Inc",
    "data_type": "tickers",
    "exchange": "NYSE"
  },
  {
    "name": "CCH-WS",
    "sub_name": "Collier Creek Holdings Wt",
    "data_type": "tickers",
    "exchange": "NYSE"
  },
  {
    "name": "CPAAW",
    "sub_name": "Conyers Park III Acquisition Corp - Warrants (31/07/2028)",
    "data_type": "tickers",
    "exchange": "NASDAQ"
  },
  {
    "name": "EVSIW",
    "sub_name": "Envision Solar International Inc Wt Exp 12302023",
    "data_type": "tickers",
    "exchange": "NASDAQ"
  },
  {
    "name": "GRAF-WS",
    "sub_name": "Graf Industrial Corp Red Wt Exp 12312025",
    "data_type": "tickers",
    "exchange": "NYSE"
  },
  {
    "name": "HCCO",
    "sub_name": "",
    "data_type": "tickers",
    "exchange": "NASDAQ"
  },
  {
    "name": "HCCOW",
    "sub_name": "Healthcare Merger Corp Warrants17122026",
    "data_type": "tickers",
    "exchange": "NASDAQ"
  },
  {
    "name": "KBLMW",
    "sub_name": "KBL Merger Corp IV Warrant",
    "data_type": "tickers",
    "exchange": "NASDAQ"
  },
  {
    "name": "SAQN",
    "sub_name": "",
    "data_type": "tickers",
    "exchange": "NASDAQ"
  },
  {
    "name": "SHLL-WS",
    "sub_name": "Tortoise Acquisition Corp Wt Exp 03042024",
    "data_type": "tickers",
    "exchange": "NYSE"
  },
  {
    "name": "TRNE-WS",
    "sub_name": "Trine Acquisition Corp Warrants each whole warrant exercisable for one share of Class A Common Stock at an exercise price of 1150",
    "data_type": "tickers",
    "exchange": "NYSE"
  },
  {
    "name": "TZACW",
    "sub_name": "Tenzing Acquisition Corp Warrants 23022025",
    "data_type": "tickers",
    "exchange": "NASDAQ"
  },
  {
    "name": "VRT-WS",
    "sub_name": "GS Acquisition Holdings Corp Warrants each whole warrant exercisable for one share of Class A Common Stock at an exercise price of 1150",
    "data_type": "tickers",
    "exchange": "NYSE"
  },
  {
    "name": "BMRG",
    "sub_name": "",
    "data_type": "tickers",
    "exchange": "NYSE"
  },
  {
    "name": "BMRG-WS",
    "sub_name": "B. Riley Principal Merger Corp. II Warrants each whole warrant exercisable for one share of Class A common stock at an exercise price of 11.50 per share",
    "data_type": "tickers",
    "exchange": "NYSE"
  },
  {
    "name": "CCXX",
    "sub_name": "",
    "data_type": "tickers",
    "exchange": "NYSE"
  },
  {
    "name": "CCXX-WS",
    "sub_name": "Churchill Capital Corp III Warrants each exercisable for one share of Class A common stock at an exercise price of 11.50 per share",
    "data_type": "tickers",
    "exchange": "NYSE"
  },
  {
    "name": "DKNGW",
    "sub_name": "DraftKings Inc Warrant",
    "data_type": "tickers",
    "exchange": "NASDAQ"
  },
  {
    "name": "DPHCW",
    "sub_name": "Diamondpeak Holdings Corp Warrants 22022024",
    "data_type": "tickers",
    "exchange": "NASDAQ"
  },
  {
    "name": "INSUW",
    "sub_name": "Insurance Acquisition Corp Warrants 20092020",
    "data_type": "tickers",
    "exchange": "NASDAQ"
  },
  {
    "name": "BC/PA",
    "sub_name": "",
    "data_type": "tickers",
    "exchange": "NYSE"
  },
  {
    "name": "BC/PB",
    "sub_name": "",
    "data_type": "tickers",
    "exchange": "NYSE"
  },
  {
    "name": "BC/PC",
    "sub_name": "",
    "data_type": "tickers",
    "exchange": "NYSE"
  },
  {
    "name": "STPKU",
    "sub_name": "Star Peak Energy Transition Corp",
    "data_type": "tickers",
    "exchange": "NYSE"
  },
  {
    "name": "VRT-U",
    "sub_name": "GS Acquisition Holdings Corp Units each consisting of one share of Class A common stock and onethird of one redeemable warrant",
    "data_type": "tickers",
    "exchange": "NYSE"
  },
  {
    "name": "AAXN",
    "sub_name": "Axon Enterprise Inc",
    "data_type": "tickers",
    "exchange": "NASDAQ"
  },
  {
    "name": "ACAM",
    "sub_name": "Acamar Partners Acquisition Corp",
    "data_type": "tickers",
    "exchange": "NASDAQ"
  },
  {
    "name": "ACAMW",
    "sub_name": "Acamar Partners Acquisition Corp Warrants 22022024",
    "data_type": "tickers",
    "exchange": "NASDAQ"
  },
  {
    "name": "AMCI",
    "sub_name": "AMCI Acquisition Corp II - Class A",
    "data_type": "tickers",
    "exchange": "NASDAQ"
  },
  {
    "name": "AMCIW",
    "sub_name": "AMCI Acquisition Corp II - Warrants (24/03/2026)",
    "data_type": "tickers",
    "exchange": "NASDAQ"
  }
]